{
    "name": "root",
    "gauges": {
        "Chase.Policy.Entropy.mean": {
            "value": 1.4682841300964355,
            "min": 1.4364222288131714,
            "max": 1.4682841300964355,
            "count": 5
        },
        "Chase.Environment.EpisodeLength.mean": {
            "value": 23.985,
            "min": 23.771144278606965,
            "max": 24.039900249376558,
            "count": 5
        },
        "Chase.Policy.ExtrinsicValueEstimate.mean": {
            "value": -3.413827419281006,
            "min": -3.413827419281006,
            "max": -2.9654295444488525,
            "count": 5
        },
        "Chase.Environment.CumulativeReward.mean": {
            "value": -3.8222960355877875,
            "min": -4.121712782142455,
            "max": -3.3472726962554544,
            "count": 5
        },
        "Chase.Policy.ExtrinsicReward.mean": {
            "value": -3.8222960355877875,
            "min": -4.121712782142455,
            "max": -3.3472726962554544,
            "count": 5
        },
        "Chase.Losses.PolicyLoss.mean": {
            "value": 0.24513442143376019,
            "min": 0.23941461680934042,
            "max": 0.24718567390430887,
            "count": 5
        },
        "Chase.Losses.ValueLoss.mean": {
            "value": 0.8384820837439898,
            "min": 0.6519318921213401,
            "max": 3.878196888741414,
            "count": 5
        },
        "Chase.Policy.LearningRate.mean": {
            "value": 0.00027307826507147557,
            "min": 0.00027307826507147557,
            "max": 0.0002967408829045545,
            "count": 5
        },
        "Chase.Policy.Epsilon.mean": {
            "value": 0.19102608536585367,
            "min": 0.19102608536585367,
            "max": 0.1989136272727273,
            "count": 5
        },
        "Chase.Policy.Beta.mean": {
            "value": 0.000456027818292683,
            "min": 0.000456027818292683,
            "max": 0.0004946767736363636,
            "count": 5
        },
        "Chase.IsTraining.mean": {
            "value": 1.0,
            "min": 1.0,
            "max": 1.0,
            "count": 5
        }
    },
    "metadata": {
        "timer_format_version": "0.1.0",
        "start_time_seconds": "1612077516",
        "python_version": "3.7.3 (default, Jun 13 2020, 18:11:17) \n[Clang 11.0.3 (clang-1103.0.32.62)]",
        "command_line_arguments": "/Users/keisuke/.pyenv/versions/3.7.3/bin/mlagents-learn config/chase_config.yaml --run-id=Chase4",
        "mlagents_version": "0.23.0",
        "mlagents_envs_version": "0.23.0",
        "communication_protocol_version": "1.3.0",
        "pytorch_version": "1.7.1",
        "numpy_version": "1.18.5",
        "end_time_seconds": "1612077831"
    },
    "total": 315.26000202700004,
    "count": 1,
    "self": 0.008117428000048221,
    "children": {
        "run_training.setup": {
            "total": 0.030623304999999768,
            "count": 1,
            "self": 0.030623304999999768
        },
        "TrainerController.start_learning": {
            "total": 315.221261294,
            "count": 1,
            "self": 0.29997125199764696,
            "children": {
                "TrainerController._reset_env": {
                    "total": 6.409247936,
                    "count": 1,
                    "self": 6.409247936
                },
                "TrainerController.advance": {
                    "total": 308.35875075300237,
                    "count": 6976,
                    "self": 0.09161521900097114,
                    "children": {
                        "env_step": {
                            "total": 308.2671355340014,
                            "count": 6976,
                            "self": 301.59119343100144,
                            "children": {
                                "SubprocessEnvManager._take_step": {
                                    "total": 6.587455132000004,
                                    "count": 6976,
                                    "self": 0.3961640320030213,
                                    "children": {
                                        "TorchPolicy.evaluate": {
                                            "total": 6.191291099996983,
                                            "count": 5464,
                                            "self": 1.464330031997676,
                                            "children": {
                                                "TorchPolicy.sample_actions": {
                                                    "total": 4.726961067999307,
                                                    "count": 5464,
                                                    "self": 4.726961067999307
                                                }
                                            }
                                        }
                                    }
                                },
                                "workers": {
                                    "total": 0.08848697099992187,
                                    "count": 6975,
                                    "self": 0.0,
                                    "children": {
                                        "worker_root": {
                                            "total": 314.7321696270006,
                                            "count": 6975,
                                            "is_parallel": true,
                                            "self": 21.035285447999684,
                                            "children": {
                                                "run_training.setup": {
                                                    "total": 0.0,
                                                    "count": 0,
                                                    "is_parallel": true,
                                                    "self": 0.0,
                                                    "children": {
                                                        "steps_from_proto": {
                                                            "total": 0.0008726640000009667,
                                                            "count": 1,
                                                            "is_parallel": true,
                                                            "self": 0.00018934399999892548,
                                                            "children": {
                                                                "_process_vector_observation": {
                                                                    "total": 0.0006833200000020412,
                                                                    "count": 2,
                                                                    "is_parallel": true,
                                                                    "self": 0.0006833200000020412
                                                                }
                                                            }
                                                        },
                                                        "UnityEnvironment.step": {
                                                            "total": 0.04709750899999854,
                                                            "count": 1,
                                                            "is_parallel": true,
                                                            "self": 0.00011536200000072938,
                                                            "children": {
                                                                "UnityEnvironment._generate_step_input": {
                                                                    "total": 0.0002792710000001364,
                                                                    "count": 1,