{
    "name": "root",
    "gauges": {
        "Chase.Policy.Entropy.mean": {
            "value": 1.4853535890579224,
            "min": 1.4853535890579224,
            "max": 1.4853535890579224,
            "count": 1
        },
        "Chase.Policy.ExtrinsicValueEstimate.mean": {
            "value": 4867.42626953125,
            "min": 4867.42626953125,
            "max": 4867.42626953125,
            "count": 1
        },
        "Chase.Losses.PolicyLoss.mean": {
            "value": 0.2257009406442348,
            "min": 0.2257009406442348,
            "max": 0.2257009406442348,
            "count": 1
        },
        "Chase.Losses.ValueLoss.mean": {
            "value": 2333156.986373571,
            "min": 2333156.986373571,
            "max": 2333156.986373571,
            "count": 1
        },
        "Chase.Policy.LearningRate.mean": {
            "value": 0.0002971558676147111,
            "min": 0.0002971558676147111,
            "max": 0.0002971558676147111,
            "count": 1
        },
        "Chase.Policy.Epsilon.mean": {
            "value": 0.19905195555555555,
            "min": 0.19905195555555555,
            "max": 0.19905195555555555,
            "count": 1
        },
        "Chase.Policy.Beta.mean": {
            "value": 0.0004953545822222222,
            "min": 0.0004953545822222222,
            "max": 0.0004953545822222222,
            "count": 1
        },
        "Chase.Environment.EpisodeLength.mean": {
            "value": 304.0,
            "min": 304.0,
            "max": 304.0,
            "count": 1
        },
        "Chase.Environment.CumulativeReward.mean": {
            "value": 1.0,
            "min": 1.0,
            "max": 1.0,
            "count": 1
        },
        "Chase.Policy.ExtrinsicReward.mean": {
            "value": 1.0,
            "min": 1.0,
            "max": 1.0,
            "count": 1
        },
        "Chase.IsTraining.mean": {
            "value": 1.0,
            "min": 1.0,
            "max": 1.0,
            "count": 1
        }
    },
    "metadata": {
        "timer_format_version": "0.1.0",
        "start_time_seconds": "1612084554",
        "python_version": "3.7.3 (default, Jun 13 2020, 18:11:17) \n[Clang 11.0.3 (clang-1103.0.32.62)]",
        "command_line_arguments": "/Users/keisuke/.pyenv/versions/3.7.3/bin/mlagents-learn config/chase_config.yaml --run-id=Chase14",
        "mlagents_version": "0.23.0",
        "mlagents_envs_version": "0.23.0",
        "communication_protocol_version": "1.3.0",
        "pytorch_version": "1.7.1",
        "numpy_version": "1.18.5",
        "end_time_seconds": "1612084609"
    },
    "total": 54.586663185,
    "count": 1,
    "self": 0.008900691999997434,
    "children": {
        "run_training.setup": {
            "total": 0.01965088200000009,
            "count": 1,
            "self": 0.01965088200000009
        },
        "TrainerController.start_learning": {
            "total": 54.558111611,
            "count": 1,
            "self": 1.0671265370000924,
            "children": {
                "TrainerController._reset_env": {
                    "total": 6.770290859,
                    "count": 1,
                    "self": 6.770290859
                },
                "TrainerController.advance": {
                    "total": 46.589500219999906,
                    "count": 1959,
                    "self": 0.029197924000030184,
                    "children": {
                        "env_step": {
                            "total": 46.560302295999875,
                            "count": 1959,
                            "self": 41.48657965200003,
                            "children": {
                                "SubprocessEnvManager._take_step": {
                                    "total": 5.047296879999957,
                                    "count": 1959,
                                    "self": 0.13630776399997835,
                                    "children": {
                                        "TorchPolicy.evaluate": {
                                            "total": 4.910989115999978,
                                            "count": 1957,
                                            "self": 1.1038654279998656,
                                            "children": {
                                                "TorchPolicy.sample_actions": {
                                                    "total": 3.8071236880001127,
                                                    "count": 1957,
                                                    "self": 3.8071236880001127
                                                }
                                            }
                                        }
                                    }
                                },
                                "workers": {
                                    "total": 0.026425763999887053,
                                    "count": 1958,
                                    "self": 0.0,
                                    "children": {
                                        "worker_root": {
                                            "total": 53.332055763000035,
                                            "count": 1958,
                                            "is_parallel": true,
                                            "self": 21.31828169399995,
                                            "children": {
                                                "run_training.setup": {
                                                    "total": 0.0,
                                                    "count": 0,
                                                    "is_parallel": true,
                                                    "self": 0.0,
                                                    "children": {
                                                        "steps_from_proto": {
                                                            "total": 0.0011256700000004116,
                                                            "count": 1,
                                                            "is_parallel": true,
                                                            "self": 0.00047054600000073776,
                                                            "children": {
                                                                "_process_vector_observation": {
                                                                    "total": 0.0006551239999996739,
                                                                    "count": 2,
                                                                    "is_parallel": true,
                                                                    "self": 0.0006551239999996739
                                                                }
                                                            }
                                                        },
                                                        "UnityEnvironment.step": {
                                                            "total": 0.024712602999999334,
                                                            "count": 1,
                                                            "is_parallel": true,
                                                            "self": 0.00016044099999845685,
                                                            "children": {
                                                                "UnityEnvironment._generate_step_input": {
                                                                    "total": 0.00025712400000088564,
                                                                    "count": 1,
                                                                    "is_parallel": true,