{
    "name": "root",
    "gauges": {
        "Chase.Policy.Entropy.mean": {
            "value": 1.6116570234298706,
            "min": 1.6116570234298706,
            "max": 2.087529420852661,
            "count": 9
        },
        "Chase.Policy.ExtrinsicValueEstimate.mean": {
            "value": -0.7655306458473206,
            "min": -0.8549384474754333,
            "max": -0.5949144959449768,
            "count": 9
        },
        "Chase.Losses.PolicyLoss.mean": {
            "value": 0.25294063822424323,
            "min": 0.23914375249832057,
            "max": 0.25294063822424323,
            "count": 9
        },
        "Chase.Losses.ValueLoss.mean": {
            "value": 0.08123179473164703,
            "min": 0.03960645741423953,
            "max": 0.1302524083286536,
            "count": 9
        },
        "Chase.Policy.LearningRate.mean": {
            "value": 0.0002489249503583555,
            "min": 0.0002489249503583555,
            "max": 0.00029725060091646664,
            "count": 9
        },
        "Chase.Policy.Epsilon.mean": {
            "value": 0.18297497777777777,
            "min": 0.18297497777777777,
            "max": 0.19908353333333334,
            "count": 9
        },
        "Chase.Policy.Beta.mean": {
            "value": 0.0004165773911111111,
            "min": 0.0004165773911111111,
            "max": 0.0004955093133333334,
            "count": 9
        },
        "Chase.Environment.EpisodeLength.mean": {
            "value": 356.44444444444446,
            "min": 347.16,
            "max": 438.7391304347826,
            "count": 9
        },
        "Chase.Environment.CumulativeReward.mean": {
            "value": -3.0993079462876687,
            "min": -4.0885220506916875,
            "max": -3.0371602416038512,
            "count": 9
        },
        "Chase.Policy.ExtrinsicReward.mean": {
            "value": -3.0993079462876687,
            "min": -4.0885220506916875,
            "max": -3.0371602416038512,
            "count": 9
        },
        "Chase.IsTraining.mean": {
            "value": 1.0,
            "min": 1.0,
            "max": 1.0,
            "count": 9
        }
    },
    "metadata": {
        "timer_format_version": "0.1.0",
        "start_time_seconds": "1612188362",
        "python_version": "3.7.3 (default, Jun 13 2020, 18:11:17) \n[Clang 11.0.3 (clang-1103.0.32.62)]",
        "command_line_arguments": "/Users/keisuke/.pyenv/versions/3.7.3/bin/mlagents-learn config/chase_config.yaml --run-id=Chase28",
        "mlagents_version": "0.23.0",
        "mlagents_envs_version": "0.23.0",
        "communication_protocol_version": "1.3.0",
        "pytorch_version": "1.7.1",
        "numpy_version": "1.18.5",
        "end_time_seconds": "1612188685"
    },
    "total": 322.555536718,
    "count": 1,
    "self": 0.00556022800003575,
    "children": {
        "run_training.setup": {
            "total": 0.026874729999999403,
            "count": 1,
            "self": 0.026874729999999403
        },
        "TrainerController.start_learning": {
            "total": 322.52310176,
            "count": 1,
            "self": 1.408549541002344,
            "children": {
                "TrainerController._reset_env": {
                    "total": 14.430082521999998,
                    "count": 1,
                    "self": 14.430082521999998
                },
                "TrainerController.advance": {
                    "total": 306.5013610279976,
                    "count": 12071,
                    "self": 0.19147932299716786,
                    "children": {
                        "env_step": {
                            "total": 306.3098817050004,
                            "count": 12071,
                            "self": 271.74357962600044,
                            "children": {
                                "SubprocessEnvManager._take_step": {
                                    "total": 34.394751474999325,
                                    "count": 12071,
                                    "self": 0.9503473760004582,
                                    "children": {
                                        "TorchPolicy.evaluate": {
                                            "total": 33.44440409899887,
                                            "count": 11859,
                                            "self": 7.555850538998932,
                                            "children": {
                                                "TorchPolicy.sample_actions": {
                                                    "total": 25.888553559999934,
                                                    "count": 11859,
                                                    "self": 25.888553559999934
                                                }
                                            }
                                        }
                                    }
                                },
                                "workers": {
                                    "total": 0.1715506040006396,
                                    "count": 12070,
                                    "self": 0.0,
                                    "children": {
                                        "worker_root": {
                                            "total": 320.84381354500124,
                                            "count": 12070,
                                            "is_parallel": true,
                                            "self": 120.89289315400154,
                                            "children": {
                                                "run_training.setup": {
                                                    "total": 0.0,
                                                    "count": 0,
                                                    "is_parallel": true,
                                                    "self": 0.0,
                                                    "children": {
                                                        "steps_from_proto": {
                                                            "total": 0.001416453999997458,
                                                            "count": 1,
                                                            "is_parallel": true,
                                                            "self": 0.0005371209999971427,
                                                            "children": {
                                                                "_process_vector_observation": {
                                                                    "total": 0.0008793330000003152,
                                                                    "count": 4,
                                                                    "is_parallel": true,
                                                                    "self": 0.0008793330000003152
                                                                }
                                                            }
                                                        },
                                                        "UnityEnvironment.step": {
                                                            "total": 0.02173971500000249,
                                                            "count": 1,
                                                            "is_parallel": true,
                                                            "self": 0.00015344000000183655,
                                                            "children": {
                                                                "UnityEnvironment._generate_step_input": {
                                                                    "total": 0.00021605599999929836,
                                                                    "count": 1,