{
    "name": "root",
    "gauges": {
        "Chase.Policy.Entropy.mean": {
            "value": 0.8479235768318176,
            "min": 0.8479235768318176,
            "max": 1.9087135791778564,
            "count": 16
        },
        "Chase.Policy.ExtrinsicValueEstimate.mean": {
            "value": -0.08708249032497406,
            "min": -0.1309339702129364,
            "max": 0.5806931257247925,
            "count": 16
        },
        "Chase.Environment.EpisodeLength.mean": {
            "value": 365.17857142857144,
            "min": 246.725,
            "max": 414.1304347826087,
            "count": 16
        },
        "Chase.Losses.PolicyLoss.mean": {
            "value": 0.2432888221535348,
            "min": 0.23689169729627801,
            "max": 0.26406062736895447,
            "count": 16
        },
        "Chase.Losses.ValueLoss.mean": {
            "value": 0.010496120430750544,
            "min": 0.010496120430750544,
            "max": 0.4752250315446851,
            "count": 16
        },
        "Chase.Policy.LearningRate.mean": {
            "value": 0.0002069538310154,
            "min": 0.0002069538310154,
            "max": 0.0002975246008251333,
            "count": 16
        },
        "Chase.Policy.Epsilon.mean": {
            "value": 0.16898459999999998,
            "min": 0.16898459999999998,
            "max": 0.19917486666666667,
            "count": 16
        },
        "Chase.Policy.Beta.mean": {
            "value": 0.00034802454000000007,
            "min": 0.00034802454000000007,
            "max": 0.0004959568466666666,
            "count": 16
        },
        "Chase.Environment.CumulativeReward.mean": {
            "value": -0.5393703952431679,
            "min": -0.5393703952431679,
            "max": 0.008176450562827727,
            "count": 16
        },
        "Chase.Policy.ExtrinsicReward.mean": {
            "value": -0.5393703952431679,
            "min": -0.5393703952431679,
            "max": 0.008176450562827727,
            "count": 16
        },
        "Chase.IsTraining.mean": {
            "value": 1.0,
            "min": 1.0,
            "max": 1.0,
            "count": 16
        }
    },
    "metadata": {
        "timer_format_version": "0.1.0",
        "start_time_seconds": "1612100947",
        "python_version": "3.7.3 (default, Jun 13 2020, 18:11:17) \n[Clang 11.0.3 (clang-1103.0.32.62)]",
        "command_line_arguments": "/Users/keisuke/.pyenv/versions/3.7.3/bin/mlagents-learn config/chase_config.yaml --run-id=Chase22",
        "mlagents_version": "0.23.0",
        "mlagents_envs_version": "0.23.0",
        "communication_protocol_version": "1.3.0",
        "pytorch_version": "1.7.1",
        "numpy_version": "1.18.5",
        "end_time_seconds": "1612101511"
    },
    "total": 563.331833285,
    "count": 1,
    "self": 0.010356099999967228,
    "children": {
        "run_training.setup": {
            "total": 0.015992488999999388,
            "count": 1,
            "self": 0.015992488999999388
        },
        "TrainerController.start_learning": {
            "total": 563.305484696,
            "count": 1,
            "self": 1.7682390269982307,
            "children": {
                "TrainerController._reset_env": {
                    "total": 6.03770418,
                    "count": 1,
                    "self": 6.03770418
                },
                "TrainerController.advance": {
                    "total": 555.2508770090018,
                    "count": 21162,
                    "self": 0.3928243850042463,
                    "children": {
                        "env_step": {
                            "total": 554.8580526239975,
                            "count": 21162,
                            "self": 503.6739554859978,
                            "children": {
                                "SubprocessEnvManager._take_step": {
                                    "total": 50.850973867999656,
                                    "count": 21162,
                                    "self": 1.65544378699947,
                                    "children": {
                                        "TorchPolicy.evaluate": {
                                            "total": 49.195530081000186,
                                            "count": 20859,
                                            "self": 12.79983935499515,
                                            "children": {
                                                "TorchPolicy.sample_actions": {
                                                    "total": 36.395690726005036,
                                                    "count": 20859,
                                                    "self": 36.395690726005036
                                                }
                                            }
                                        }
                                    }
                                },
                                "workers": {
                                    "total": 0.3331232700001099,
                                    "count": 21161,
                                    "self": 0.0,
                                    "children": {
                                        "worker_root": {
                                            "total": 561.052062968995,
                                            "count": 21161,
                                            "is_parallel": true,
                                            "self": 171.30229073299506,
                                            "children": {
                                                "run_training.setup": {
                                                    "total": 0.0,
                                                    "count": 0,
                                                    "is_parallel": true,
                                                    "self": 0.0,
                                                    "children": {
                                                        "steps_from_proto": {
                                                            "total": 0.0013545490000002047,
                                                            "count": 1,
                                                            "is_parallel": true,
                                                            "self": 0.0005535839999986081,
                                                            "children": {
                                                                "_process_vector_observation": {
                                                                    "total": 0.0008009650000015966,
                                                                    "count": 4,
                                                                    "is_parallel": true,
                                                                    "self": 0.0008009650000015966
                                                                }
                                                            }
                                                        },
                                                        "UnityEnvironment.step": {
                                                            "total": 0.02127004199999938,
                                                            "count": 1,
                                                            "is_parallel": true,
                                                            "self": 0.00013364900000034652,
                                                            "children": {
                                                                "UnityEnvironment._generate_step_input": {
                                                                    "total": 0.00020041400000003762,
                                                                    "count": 1,