{
    "name": "root",
    "gauges": {
        "Chase.Policy.Entropy.mean": {
            "value": 1.603233814239502,
            "min": 1.4083315134048462,
            "max": 1.660241961479187,
            "count": 18
        },
        "Chase.Environment.EpisodeLength.mean": {
            "value": 469.875,
            "min": 304.7857142857143,
            "max": 499.0,
            "count": 18
        },
        "Chase.Policy.ExtrinsicValueEstimate.mean": {
            "value": 154.55789184570312,
            "min": -489.8726806640625,
            "max": 893.8812866210938,
            "count": 18
        },
        "Chase.Environment.CumulativeReward.mean": {
            "value": 0.08333333333333333,
            "min": 0.0,
            "max": 0.5,
            "count": 18
        },
        "Chase.Policy.ExtrinsicReward.mean": {
            "value": 0.08333333333333333,
            "min": 0.0,
            "max": 0.5,
            "count": 18
        },
        "Chase.Losses.PolicyLoss.mean": {
            "value": 0.2352825141280831,
            "min": 0.2059402836077448,
            "max": 0.2825904876666815,
            "count": 18
        },
        "Chase.Losses.ValueLoss.mean": {
            "value": 230667.6644366135,
            "min": 14341.92419414526,
            "max": 741258.3775821403,
            "count": 18
        },
        "Chase.Policy.LearningRate.mean": {
            "value": 0.0001949685350105,
            "min": 0.0001949685350105,
            "max": 0.0002963993012002333,
            "count": 18
        },
        "Chase.Policy.Epsilon.mean": {
            "value": 0.1649895,
            "min": 0.1649895,
            "max": 0.19879976666666666,
            "count": 18
        },
        "Chase.Policy.Beta.mean": {
            "value": 0.00032844855000000004,
            "min": 0.00032844855000000004,
            "max": 0.0004941188566666666,
            "count": 18
        },
        "Chase.IsTraining.mean": {
            "value": 1.0,
            "min": 1.0,
            "max": 1.0,
            "count": 18
        }
    },
    "metadata": {
        "timer_format_version": "0.1.0",
        "start_time_seconds": "1612088929",
        "python_version": "3.7.3 (default, Jun 13 2020, 18:11:17) \n[Clang 11.0.3 (clang-1103.0.32.62)]",
        "command_line_arguments": "/Users/keisuke/.pyenv/versions/3.7.3/bin/mlagents-learn config/chase_config.yaml --run-id=Chase16",
        "mlagents_version": "0.23.0",
        "mlagents_envs_version": "0.23.0",
        "communication_protocol_version": "1.3.0",
        "pytorch_version": "1.7.1",
        "numpy_version": "1.18.5",
        "end_time_seconds": "1612089606"
    },
    "total": 677.635956211,
    "count": 1,
    "self": 0.0061457450000261815,
    "children": {
        "run_training.setup": {
            "total": 0.011880891000000116,
            "count": 1,
            "self": 0.011880891000000116
        },
        "TrainerController.start_learning": {
            "total": 677.617929575,
            "count": 1,
            "self": 1.7620151890049556,
            "children": {
                "TrainerController._reset_env": {
                    "total": 6.935264307,
                    "count": 1,
                    "self": 6.935264307
                },
                "TrainerController.advance": {
                    "total": 668.787960052995,
                    "count": 22826,
                    "self": 0.3825294929870324,
                    "children": {
                        "env_step": {
                            "total": 668.405430560008,
                            "count": 22826,
                            "self": 604.9978245610105,
                            "children": {
                                "SubprocessEnvManager._take_step": {
                                    "total": 63.08763279699839,
                                    "count": 22826,
                                    "self": 1.73691282999539,
                                    "children": {
                                        "TorchPolicy.evaluate": {
                                            "total": 61.350719967003,
                                            "count": 22634,
                                            "self": 13.671960085006127,
                                            "children": {
                                                "TorchPolicy.sample_actions": {
                                                    "total": 47.678759881996875,
                                                    "count": 22634,
                                                    "self": 47.678759881996875
                                                }
                                            }
                                        }
                                    }
                                },
                                "workers": {
                                    "total": 0.3199732019991437,
                                    "count": 22825,
                                    "self": 0.0,
                                    "children": {
                                        "worker_root": {
                                            "total": 675.4144727490011,
                                            "count": 22825,
                                            "is_parallel": true,
                                            "self": 176.44330249300458,
                                            "children": {
                                                "run_training.setup": {
                                                    "total": 0.0,
                                                    "count": 0,
                                                    "is_parallel": true,
                                                    "self": 0.0,
                                                    "children": {
                                                        "steps_from_proto": {
                                                            "total": 0.0014898330000008286,
                                                            "count": 1,
                                                            "is_parallel": true,
                                                            "self": 0.0005330029999992547,
                                                            "children": {
                                                                "_process_vector_observation": {
                                                                    "total": 0.0009568300000015739,
                                                                    "count": 4,
                                                                    "is_parallel": true,
                                                                    "self": 0.0009568300000015739
                                                                }
                                                            }
                                                        },
                                                        "UnityEnvironment.step": {
                                                            "total": 0.020316521999999893,
                                                            "count": 1,
                                                            "is_parallel": true,
                                                            "self": 0.00016555800000084275,
                                                            "children": {
                                                                "UnityEnvironment._generate_step_input": {
                                                                    "total": 0.0002558249999999873,
                                                                    "count": 1,
                                                                    "is_parallel": true,