{
    "name": "root",
    "gauges": {
        "Battle.Policy.Entropy.mean": {
            "value": 1.536628007888794,
            "min": 1.5340124368667603,
            "max": 2.1001882553100586,
            "count": 50
        },
        "Battle.Policy.ExtrinsicValueEstimate.mean": {
            "value": 0.00271544698625803,
            "min": -0.24305450916290283,
            "max": 0.03879205510020256,
            "count": 50
        },
        "Battle.Losses.PolicyLoss.mean": {
            "value": 0.2511165682726544,
            "min": 0.22638344413245906,
            "max": 0.2554821332909052,
            "count": 50
        },
        "Battle.Losses.ValueLoss.mean": {
            "value": 0.14209785979861184,
            "min": 0.050508082386901396,
            "max": 0.16433554367982392,
            "count": 50
        },
        "Battle.Policy.LearningRate.mean": {
            "value": 2.808099063999994e-06,
            "min": 2.808099063999994e-06,
            "max": 0.00029692800102399996,
            "count": 50
        },
        "Battle.Policy.Epsilon.mean": {
            "value": 0.100936,
            "min": 0.100936,
            "max": 0.19897600000000001,
            "count": 50
        },
        "Battle.Policy.Beta.mean": {
            "value": 1.4586399999999993e-05,
            "min": 1.4586399999999993e-05,
            "max": 0.0004949824,
            "count": 50
        },
        "Battle.IsTraining.mean": {
            "value": 1.0,
            "min": 1.0,
            "max": 1.0,
            "count": 50
        },
        "Battle.Environment.EpisodeLength.mean": {
            "value": 999.0,
            "min": 999.0,
            "max": 999.0,
            "count": 10
        },
        "Battle.Environment.CumulativeReward.mean": {
            "value": 0.0,
            "min": -6.0,
            "max": 5.0,
            "count": 19
        },
        "Battle.Policy.ExtrinsicReward.mean": {
            "value": 0.0,
            "min": -6.0,
            "max": 5.0,
            "count": 19
        }
    },
    "metadata": {
        "timer_format_version": "0.1.0",
        "start_time_seconds": "1612446371",
        "python_version": "3.7.3 (default, Jun 13 2020, 18:11:17) \n[Clang 11.0.3 (clang-1103.0.32.62)]",
        "command_line_arguments": "/Users/keisuke/.pyenv/versions/3.7.3/bin/mlagents-learn config/battle_config.yaml --run-id=Battle5",
        "mlagents_version": "0.23.0",
        "mlagents_envs_version": "0.23.0",
        "communication_protocol_version": "1.3.0",
        "pytorch_version": "1.7.1",
        "numpy_version": "1.18.5",
        "end_time_seconds": "1612447445"
    },
    "total": 1073.853149045,
    "count": 1,
    "self": 0.00752189299987549,
    "children": {
        "run_training.setup": {
            "total": 0.02063051400000049,
            "count": 1,
            "self": 0.02063051400000049
        },
        "TrainerController.start_learning": {
            "total": 1073.8249966380001,
            "count": 1,
            "self": 0.35986911799932386,
            "children": {
                "TrainerController._reset_env": {
                    "total": 11.171170919,
                    "count": 1,
                    "self": 11.171170919
                },
                "TrainerController.advance": {
                    "total": 1062.2437848160007,
                    "count": 10064,
                    "self": 0.16363276301012775,
                    "children": {
                        "env_step": {
                            "total": 1062.0801520529906,
                            "count": 10064,
                            "self": 1030.885148167983,
                            "children": {
                                "SubprocessEnvManager._take_step": {
                                    "total": 31.054895339000904,
                                    "count": 10064,
                                    "self": 0.9659454699977381,
                                    "children": {
                                        "TorchPolicy.evaluate": {
                                            "total": 30.088949869003166,
                                            "count": 10064,
                                            "self": 6.793505150004194,
                                            "children": {
                                                "TorchPolicy.sample_actions": {
                                                    "total": 23.295444718998972,
                                                    "count": 10064,
                                                    "self": 23.295444718998972
                                                }
                                            }
                                        }
                                    }
                                },
                                "workers": {
                                    "total": 0.14010854600667955,
                                    "count": 10064,
                                    "self": 0.0,
                                    "children": {
                                        "worker_root": {
                                            "total": 1072.6661106840102,
                                            "count": 10064,
                                            "is_parallel": true,
                                            "self": 545.9963332270088,
                                            "children": {
                                                "run_training.setup": {
                                                    "total": 0.0,
                                                    "count": 0,
                                                    "is_parallel": true,
                                                    "self": 0.0,
                                                    "children": {
                                                        "steps_from_proto": {
                                                            "total": 0.0027123670000008815,
                                                            "count": 1,
                                                            "is_parallel": true,
                                                            "self": 0.000740348999997309,
                                                            "children": {
                                                                "_process_vector_observation": {
                                                                    "total": 0.0019720180000035725,
                                                                    "count": 4,
                                                                    "is_parallel": true,
                                                                    "self": 0.0019720180000035725
                                                                }
                                                            }
                                                        },
                                                        "UnityEnvironment.step": {
                                                            "total": 0.05778763700000056,
                                                            "count": 1,
                                                            "is_parallel": true,
                                                            "self": 0.00038559800000115274,
                                                            "children": {
                                                                "UnityEnvironment._generate_step_input": {
                                                                    "total": 0.0006440979999986496,
                                                                    "count": 1,
                                                                    "is_parallel": true,