{
    "name": "root",
    "gauges": {
        "Chase.Policy.Entropy.mean": {
            "value": 2.095064163208008,
            "min": 2.095064163208008,
            "max": 2.095064163208008,
            "count": 1
        },
        "Chase.Policy.ExtrinsicValueEstimate.mean": {
            "value": -0.5039985775947571,
            "min": -0.5039985775947571,
            "max": -0.5039985775947571,
            "count": 1
        },
        "Chase.Losses.PolicyLoss.mean": {
            "value": 0.24842874009253293,
            "min": 0.24842874009253293,
            "max": 0.24842874009253293,
            "count": 1
        },
        "Chase.Losses.ValueLoss.mean": {
            "value": 0.14777953212350642,
            "min": 0.14777953212350642,
            "max": 0.14777953212350642,
            "count": 1
        },
        "Chase.Policy.LearningRate.mean": {
            "value": 0.0002972642675785778,
            "min": 0.0002972642675785778,
            "max": 0.0002972642675785778,
            "count": 1
        },
        "Chase.Policy.Epsilon.mean": {
            "value": 0.1990880888888889,
            "min": 0.1990880888888889,
            "max": 0.1990880888888889,
            "count": 1
        },
        "Chase.Policy.Beta.mean": {
            "value": 0.0004955316355555556,
            "min": 0.0004955316355555556,
            "max": 0.0004955316355555556,
            "count": 1
        },
        "Chase.Environment.EpisodeLength.mean": {
            "value": 391.14285714285717,
            "min": 391.14285714285717,
            "max": 391.14285714285717,
            "count": 1
        },
        "Chase.Environment.CumulativeReward.mean": {
            "value": -0.5459904975834347,
            "min": -0.5459904975834347,
            "max": -0.5459904975834347,
            "count": 1
        },
        "Chase.Policy.ExtrinsicReward.mean": {
            "value": -0.5459904975834347,
            "min": -0.5459904975834347,
            "max": -0.5459904975834347,
            "count": 1
        },
        "Chase.IsTraining.mean": {
            "value": 1.0,
            "min": 1.0,
            "max": 1.0,
            "count": 1
        }
    },
    "metadata": {
        "timer_format_version": "0.1.0",
        "start_time_seconds": "1612183704",
        "python_version": "3.7.3 (default, Jun 13 2020, 18:11:17) \n[Clang 11.0.3 (clang-1103.0.32.62)]",
        "command_line_arguments": "/Users/keisuke/.pyenv/versions/3.7.3/bin/mlagents-learn config/chase_config.yaml --run-id=Chase26",
        "mlagents_version": "0.23.0",
        "mlagents_envs_version": "0.23.0",
        "communication_protocol_version": "1.3.0",
        "pytorch_version": "1.7.1",
        "numpy_version": "1.18.5",
        "end_time_seconds": "1612183756"
    },
    "total": 51.685532799,
    "count": 1,
    "self": 0.0052957460000016,
    "children": {
        "run_training.setup": {
            "total": 0.01634094000000008,
            "count": 1,
            "self": 0.01634094000000008
        },
        "TrainerController.start_learning": {
            "total": 51.663896113,
            "count": 1,
            "self": 1.0556481170001817,
            "children": {
                "TrainerController._reset_env": {
                    "total": 7.288232788999999,
                    "count": 1,
                    "self": 7.288232788999999
                },
                "TrainerController.advance": {
                    "total": 43.21551216899982,
                    "count": 1510,
                    "self": 0.024617482999786944,
                    "children": {
                        "env_step": {
                            "total": 43.190894686000036,
                            "count": 1510,
                            "self": 38.258250523000186,
                            "children": {
                                "SubprocessEnvManager._take_step": {
                                    "total": 4.910764859999864,
                                    "count": 1510,
                                    "self": 0.1303219139999925,
                                    "children": {
                                        "TorchPolicy.evaluate": {
                                            "total": 4.780442945999871,
                                            "count": 1501,
                                            "self": 1.1023186479998461,
                                            "children": {
                                                "TorchPolicy.sample_actions": {
                                                    "total": 3.678124298000025,
                                                    "count": 1501,
                                                    "self": 3.678124298000025
                                                }
                                            }
                                        }
                                    }
                                },
                                "workers": {
                                    "total": 0.02187930299998264,
                                    "count": 1509,
                                    "self": 0.0,
                                    "children": {
                                        "worker_root": {
                                            "total": 49.38761388599997,
                                            "count": 1509,
                                            "is_parallel": true,
                                            "self": 19.806468484999908,
                                            "children": {
                                                "run_training.setup": {
                                                    "total": 0.0,
                                                    "count": 0,
                                                    "is_parallel": true,
                                                    "self": 0.0,
                                                    "children": {
                                                        "steps_from_proto": {
                                                            "total": 0.001343528999999677,
                                                            "count": 1,
                                                            "is_parallel": true,
                                                            "self": 0.0005234159999982779,
                                                            "children": {
                                                                "_process_vector_observation": {
                                                                    "total": 0.000820113000001399,
                                                                    "count": 4,
                                                                    "is_parallel": true,
                                                                    "self": 0.000820113000001399
                                                                }
                                                            }
                                                        },
                                                        "UnityEnvironment.step": {
                                                            "total": 0.03383581099999944,
                                                            "count": 1,
                                                            "is_parallel": true,
                                                            "self": 0.00016304799999922182,
                                                            "children": {
                                                                "UnityEnvironment._generate_step_input": {
                                                                    "total": 0.00025627700000008247,
                                                                    "count": 1,