{
    "name": "root",
    "gauges": {
        "Battle.Policy.Entropy.mean": {
            "value": 1.883096694946289,
            "min": 1.8804420232772827,
            "max": 2.103705644607544,
            "count": 26
        },
        "Battle.Policy.ExtrinsicValueEstimate.mean": {
            "value": -0.004053319338709116,
            "min": -0.01827932894229889,
            "max": 0.03801814839243889,
            "count": 26
        },
        "Battle.Losses.PolicyLoss.mean": {
            "value": 0.2363563134473759,
            "min": 0.2082262939588943,
            "max": 0.24808800352839525,
            "count": 26
        },
        "Battle.Losses.ValueLoss.mean": {
            "value": 0.026201752160620418,
            "min": 0.0023428334405028585,
            "max": 0.20724920260841126,
            "count": 26
        },
        "Battle.Policy.LearningRate.mean": {
            "value": 0.00014676005108,
            "min": 0.00014676005108,
            "max": 0.00029692800102399996,
            "count": 26
        },
        "Battle.Policy.Epsilon.mean": {
            "value": 0.14892000000000002,
            "min": 0.14892000000000002,
            "max": 0.19897600000000001,
            "count": 26
        },
        "Battle.Policy.Beta.mean": {
            "value": 0.00024970799999999996,
            "min": 0.00024970799999999996,
            "max": 0.0004949824,
            "count": 26
        },
        "Battle.IsTraining.mean": {
            "value": 1.0,
            "min": 1.0,
            "max": 1.0,
            "count": 26
        },
        "Battle.Environment.EpisodeLength.mean": {
            "value": 999.0,
            "min": 163.4,
            "max": 999.0,
            "count": 13
        },
        "Battle.Environment.CumulativeReward.mean": {
            "value": 0.0,
            "min": 0.0,
            "max": 0.02,
            "count": 13
        },
        "Battle.Policy.ExtrinsicReward.mean": {
            "value": 0.0,
            "min": 0.0,
            "max": 0.02,
            "count": 13
        }
    },
    "metadata": {
        "timer_format_version": "0.1.0",
        "start_time_seconds": "1612504671",
        "python_version": "3.7.3 (default, Jun 13 2020, 18:11:17) \n[Clang 11.0.3 (clang-1103.0.32.62)]",
        "command_line_arguments": "/Users/keisuke/.pyenv/versions/3.7.3/bin/mlagents-learn config/battle_config.yaml --run-id=TeamBattle6",
        "mlagents_version": "0.23.0",
        "mlagents_envs_version": "0.23.0",
        "communication_protocol_version": "1.3.0",
        "pytorch_version": "1.7.1",
        "numpy_version": "1.18.5",
        "end_time_seconds": "1612505118"
    },
    "total": 447.07541231799996,
    "count": 1,
    "self": 0.005007348999981787,
    "children": {
        "run_training.setup": {
            "total": 0.015584152000000184,
            "count": 1,
            "self": 0.015584152000000184
        },
        "TrainerController.start_learning": {
            "total": 447.054820817,
            "count": 1,
            "self": 1.1154712209993818,
            "children": {
                "TrainerController._reset_env": {
                    "total": 5.792964937999999,
                    "count": 1,
                    "self": 5.792964937999999
                },
                "TrainerController.advance": {
                    "total": 440.0510329850006,
                    "count": 3384,
                    "self": 0.0618341809997105,
                    "children": {
                        "env_step": {
                            "total": 439.98919880400086,
                            "count": 3384,
                            "self": 427.0256080770016,
                            "children": {
                                "SubprocessEnvManager._take_step": {
                                    "total": 12.91898299599943,
                                    "count": 3384,
                                    "self": 0.3761975179987047,
                                    "children": {
                                        "TorchPolicy.evaluate": {
                                            "total": 12.542785478000726,
                                            "count": 3357,
                                            "self": 2.564687392001371,
                                            "children": {
                                                "TorchPolicy.sample_actions": {
                                                    "total": 9.978098085999354,
                                                    "count": 3357,
                                                    "self": 9.978098085999354
                                                }
                                            }
                                        }
                                    }
                                },
                                "workers": {
                                    "total": 0.04460773099983939,
                                    "count": 3383,
                                    "self": 0.0,
                                    "children": {
                                        "worker_root": {
                                            "total": 445.7662277020013,
                                            "count": 3383,
                                            "is_parallel": true,
                                            "self": 350.15922073400054,
                                            "children": {
                                                "run_training.setup": {
                                                    "total": 0.0,
                                                    "count": 0,
                                                    "is_parallel": true,
                                                    "self": 0.0,
                                                    "children": {
                                                        "steps_from_proto": {
                                                            "total": 0.0033901329999999064,
                                                            "count": 1,
                                                            "is_parallel": true,
                                                            "self": 0.0006888450000008817,
                                                            "children": {
                                                                "_process_vector_observation": {
                                                                    "total": 0.0027012879999990247,
                                                                    "count": 4,
                                                                    "is_parallel": true,
                                                                    "self": 0.0027012879999990247
                                                                }
                                                            }
                                                        },
                                                        "UnityEnvironment.step": {
                                                            "total": 0.066278273,
                                                            "count": 1,
                                                            "is_parallel": true,
                                                            "self": 0.0006232009999997956,
                                                            "children": {
                                                                "UnityEnvironment._generate_step_input": {
                                                                    "total": 0.001046369999999186,
                                                                    "count": 1,
                                                                    "is_parallel": true,