{
    "name": "root",
    "metadata": {
        "timer_format_version": "0.1.0",
        "start_time_seconds": "1612080508",
        "python_version": "3.7.3 (default, Jun 13 2020, 18:11:17) \n[Clang 11.0.3 (clang-1103.0.32.62)]",
        "command_line_arguments": "/Users/keisuke/.pyenv/versions/3.7.3/bin/mlagents-learn config/chase_config.yaml --run-id=Chase10",
        "mlagents_version": "0.23.0",
        "mlagents_envs_version": "0.23.0",
        "communication_protocol_version": "1.3.0",
        "pytorch_version": "1.7.1",
        "numpy_version": "1.18.5",
        "end_time_seconds": "1612080546"
    },
    "total": 38.22773066,
    "count": 1,
    "self": 0.00605434500000257,
    "children": {
        "run_training.setup": {
            "total": 0.01844410200000013,
            "count": 1,
            "self": 0.01844410200000013
        },
        "TrainerController.start_learning": {
            "total": 38.203232213,
            "count": 1,
            "self": 0.3086579739999422,
            "children": {
                "TrainerController._reset_env": {
                    "total": 3.02078863,
                    "count": 1,
                    "self": 3.02078863
                },
                "TrainerController.advance": {
                    "total": 34.734125094000056,
                    "count": 958,
                    "self": 0.01235580400002334,
                    "children": {
                        "env_step": {
                            "total": 34.72176929000003,
                            "count": 958,
                            "self": 33.522022942999975,
                            "children": {
                                "SubprocessEnvManager._take_step": {
                                    "total": 1.1879585020000043,
                                    "count": 958,
                                    "self": 0.06652809299995788,
                                    "children": {
                                        "TorchPolicy.evaluate": {
                                            "total": 1.1214304090000464,
                                            "count": 924,
                                            "self": 0.24755689000009973,
                                            "children": {
                                                "TorchPolicy.sample_actions": {
                                                    "total": 0.8738735189999467,
                                                    "count": 924,
                                                    "self": 0.8738735189999467
                                                }
                                            }
                                        }
                                    }
                                },
                                "workers": {
                                    "total": 0.01178784500005392,
                                    "count": 957,
                                    "self": 0.0,
                                    "children": {
                                        "worker_root": {
                                            "total": 37.73178032500007,
                                            "count": 957,
                                            "is_parallel": true,
                                            "self": 5.5417743980000225,
                                            "children": {
                                                "run_training.setup": {
                                                    "total": 0.0,
                                                    "count": 0,
                                                    "is_parallel": true,
                                                    "self": 0.0,
                                                    "children": {
                                                        "steps_from_proto": {
                                                            "total": 0.0013181389999985527,
                                                            "count": 1,
                                                            "is_parallel": true,
                                                            "self": 0.000323566999997027,
                                                            "children": {
                                                                "_process_vector_observation": {
                                                                    "total": 0.0009945720000015257,
                                                                    "count": 2,
                                                                    "is_parallel": true,
                                                                    "self": 0.0009945720000015257
                                                                }
                                                            }
                                                        },
                                                        "UnityEnvironment.step": {
                                                            "total": 0.056468584999999294,
                                                            "count": 1,
                                                            "is_parallel": true,
                                                            "self": 0.00021038000000039858,
                                                            "children": {
                                                                "UnityEnvironment._generate_step_input": {
                                                                    "total": 0.0005242669999994121,
                                                                    "count": 1,
                                                                    "is_parallel": true,
                                                                    "self": 0.0005242669999994121
                                                                },
                                                                "communicator.exchange": {
                                                                    "total": 0.054960355000000405,
                                                                    "count": 1,
                                                                    "is_parallel": true,
                                                                    "self": 0.054960355000000405
                                                                },
                                                                "steps_from_proto": {
                                                                    "total": 0.0007735829999990784,
                                                                    "count": 1,
                                                                    "is_parallel": true,
                                                                    "self": 0.00029220899999948813,
                                                                    "children": {
                                                                        "_process_vector_observation": {
                                                                            "total": 0.0004813739999995903,
                                                                            "count": 2,
                                                                            "is_parallel": true,