{"count":1,"self":47.4912032,"total":550.88344299999994,"children":{"InitializeActuators":{"count":45,"self":0.002681,"total":0.002681,"children":null},"InitializeSensors":{"count":45,"self":0.00277,"total":0.00277,"children":null},"AgentSendState":{"count":29667,"self":2.3770409999999997,"total":17.471496,"children":{"CollectObservations":{"count":267030,"self":0.80668699999999993,"total":0.80668699999999993,"children":null},"WriteActionMask":{"count":267030,"self":0.586352,"total":0.586352,"children":null},"RequestDecision":{"count":267030,"self":2.696525,"total":13.701416,"children":{"AgentInfo.ToProto":{"count":267030,"self":1.386431,"total":11.004890999999999,"children":{"GenerateSensorData":{"count":267030,"self":2.829722,"total":9.6184599999999989,"children":{"RayPerceptionSensor.Perceive":{"count":267030,"self":6.7887375999999993,"total":6.7887379999999995,"children":null}}}}}}}}},"DecideAction":{"count":29667,"self":249.51731199999998,"total":249.51732299999998,"children":null},"AgentAct":{"count":29667,"self":236.38525439999998,"total":236.39721799999998,"children":{"AgentInfo.ToProto":{"count":225,"self":0.0018909999999999999,"total":0.011956,"children":{"GenerateSensorData":{"count":225,"self":0.0031309999999999997,"total":0.010065,"children":{"RayPerceptionSensor.Perceive":{"count":225,"self":0.006934,"total":0.006934,"children":null}}}}}}}},"gauges":{"Battle.CumulativeReward":{"count":225,"max":12,"min":-12,"runningAverage":0.00444444036,"value":6,"weightedAverage":0.119353741}},"metadata":{"timer_format_version":"0.1.0","start_time_seconds":"1612360124","unity_version":"2019.4.5f1","command_line_arguments":"\/Applications\/Unity\/Hub\/Editor\/2019.4.5f1\/Unity.app\/Contents\/MacOS\/Unity -projectpath \/Users\/keisuke\/Programming\/unity-projects\/WarSimulationAI -useHub -hubIPC -cloudEnvironment production -hubSessionId d3ec3b40-6616-11eb-bc6c-d7ee01ebaaf3","communication_protocol_version":"1.3.0","com.unity.ml-agents_version":"1.7.2-preview","scene_name":"Battle","end_time_seconds":"1612360675"}}