{"count":1,"self":407.6912896,"total":1153.7446929999999,"children":{"InitializeActuators":{"count":16,"self":0.0023829999999999997,"total":0.0023829999999999997,"children":null},"InitializeSensors":{"count":16,"self":0.002175,"total":0.002175,"children":null},"AgentSendState":{"count":156534,"self":5.3700792,"total":40.281296,"children":{"CollectObservations":{"count":500912,"self":1.388353,"total":1.388353,"children":null},"WriteActionMask":{"count":500912,"self":1.2464279999999999,"total":1.2464279999999999,"children":null},"RequestDecision":{"count":500912,"self":5.8159019999999995,"total":32.276436,"children":{"AgentInfo.ToProto":{"count":500912,"self":2.992028,"total":26.460534,"children":{"GenerateSensorData":{"count":500912,"self":5.3497528,"total":23.468505999999998,"children":{"RayPerceptionSensor.Perceive":{"count":500912,"self":18.118753599999998,"total":18.118752999999998,"children":null}}}}}}}}},"DecideAction":{"count":156534,"self":695.83590399999991,"total":695.835884,"children":null},"AgentAct":{"count":156534,"self":9.2913512,"total":9.296952,"children":{"AgentInfo.ToProto":{"count":70,"self":0.000678,"total":0.005601,"children":{"GenerateSensorData":{"count":70,"self":0.001106,"total":0.0049229999999999994,"children":{"RayPerceptionSensor.Perceive":{"count":70,"self":0.0038169999999999996,"total":0.0038169999999999996,"children":null}}}}}}},"AgentInfo.ToProto":{"count":6781,"self":0.09373,"total":0.63363399999999992,"children":{"GenerateSensorData":{"count":6781,"self":0.12524,"total":0.53990399999999994,"children":{"RayPerceptionSensor.Perceive":{"count":6781,"self":0.414664,"total":0.414664,"children":null}}}}}},"gauges":{"Chase.CumulativeReward":{"count":6851,"max":3.93939018,"min":-0.99994123,"runningAverage":1.90798354,"value":1.92299986,"weightedAverage":1.95072007}},"metadata":{"timer_format_version":"0.1.0","start_time_seconds":"1612267528","unity_version":"2019.4.5f1","command_line_arguments":"\/Applications\/Unity\/Hub\/Editor\/2019.4.5f1\/Unity.app\/Contents\/MacOS\/Unity -projectpath \/Users\/keisuke\/Programming\/unity-projects\/WarSimulationAI -useHub -hubIPC -cloudEnvironment production -hubSessionId 2e797a70-62c3-11eb-abd5-937bdf78c51c","communication_protocol_version":"1.3.0","com.unity.ml-agents_version":"1.7.2-preview","scene_name":"SampleScene","end_time_seconds":"1612268682"}}