{"count":1,"self":48.429238399999996,"total":49.017688,"children":{"InitializeActuators":{"count":1,"self":0.0025369999999999998,"total":0.0025369999999999998,"children":null},"InitializeSensors":{"count":1,"self":0.0025429999999999997,"total":0.0025429999999999997,"children":null},"AgentSendState":{"count":2398,"self":0.041573,"total":0.069379,"children":{"CollectObservations":{"count":240,"self":0.0033369999999999997,"total":0.0033369999999999997,"children":null},"WriteActionMask":{"count":240,"self":0.002248,"total":0.002248,"children":null},"RequestDecision":{"count":240,"self":0.022220999999999998,"total":0.022220999999999998,"children":null}}},"DecideAction":{"count":2398,"self":0.394904,"total":0.42078899999999997,"children":{"RayPerceptionSensor.Perceive":{"count":240,"self":0.025885,"total":0.025885,"children":null}}},"AgentAct":{"count":2398,"self":0.092156999999999989,"total":0.092156999999999989,"children":null}},"gauges":{},"metadata":{"timer_format_version":"0.1.0","start_time_seconds":"1612187173","unity_version":"2019.4.5f1","command_line_arguments":"\/Applications\/Unity\/Hub\/Editor\/2019.4.5f1\/Unity.app\/Contents\/MacOS\/Unity -projectpath \/Users\/keisuke\/Programming\/unity-projects\/WarSimulationAI -useHub -hubIPC -cloudEnvironment production -hubSessionId 2e797a70-62c3-11eb-abd5-937bdf78c51c","communication_protocol_version":"1.3.0","com.unity.ml-agents_version":"1.7.2-preview","scene_name":"SampleScene","end_time_seconds":"1612187222"}}