{"count":1,"self":505.0045952,"total":1100.170071,"children":{"InitializeActuators":{"count":8,"self":0.002632,"total":0.002632,"children":null},"InitializeSensors":{"count":8,"self":0.003116,"total":0.003116,"children":null},"AgentSendState":{"count":453801,"self":6.689906,"total":35.106950999999995,"children":{"CollectObservations":{"count":363048,"self":1.1859279999999999,"total":1.1859279999999999,"children":null},"WriteActionMask":{"count":363048,"self":0.963899,"total":0.963899,"children":null},"RequestDecision":{"count":363048,"self":4.7047799999999995,"total":26.267218,"children":{"AgentInfo.ToProto":{"count":363048,"self":2.4128529999999997,"total":21.562438,"children":{"GenerateSensorData":{"count":363048,"self":5.6723168,"total":19.149585,"children":{"RayPerceptionSensor.Perceive":{"count":363048,"self":13.4772672,"total":13.477267999999999,"children":null}}}}}}}}},"DecideAction":{"count":453801,"self":543.6286976,"total":543.628705,"children":null},"AgentAct":{"count":453801,"self":16.2887488,"total":16.338864,"children":{"AgentInfo.ToProto":{"count":437,"self":0.005278,"total":0.050116,"children":{"GenerateSensorData":{"count":437,"self":0.017514,"total":0.044837999999999996,"children":{"RayPerceptionSensor.Perceive":{"count":437,"self":0.027323999999999998,"total":0.027323999999999998,"children":null}}}}}}},"AgentInfo.ToProto":{"count":723,"self":0.018494,"total":0.083791999999999991,"children":{"GenerateSensorData":{"count":723,"self":0.020142,"total":0.065298,"children":{"RayPerceptionSensor.Perceive":{"count":723,"self":0.045155999999999995,"total":0.045155999999999995,"children":null}}}}}},"gauges":{"Chase.CumulativeReward":{"count":1160,"max":3.97979665,"min":-1.00014126,"runningAverage":0.630867541,"value":1.60399449,"weightedAverage":0.830040038}},"metadata":{"timer_format_version":"0.1.0","start_time_seconds":"1612188768","unity_version":"2019.4.5f1","command_line_arguments":"\/Applications\/Unity\/Hub\/Editor\/2019.4.5f1\/Unity.app\/Contents\/MacOS\/Unity -projectpath \/Users\/keisuke\/Programming\/unity-projects\/WarSimulationAI -useHub -hubIPC -cloudEnvironment production -hubSessionId 2e797a70-62c3-11eb-abd5-937bdf78c51c","communication_protocol_version":"1.3.0","com.unity.ml-agents_version":"1.7.2-preview","scene_name":"SampleScene","end_time_seconds":"1612189868"}}