{
    "name": "root",
    "gauges": {
        "Battle.Policy.Entropy.mean": {
            "value": 2.0881357192993164,
            "min": 2.0881357192993164,
            "max": 2.1103134155273438,
            "count": 2
        },
        "Battle.Policy.ExtrinsicValueEstimate.mean": {
            "value": 0.06721305847167969,
            "min": 0.06721305847167969,
            "max": 0.1458764225244522,
            "count": 2
        },
        "Battle.Losses.PolicyLoss.mean": {
            "value": 0.25048895278490385,
            "min": 0.24795234921772646,
            "max": 0.25048895278490385,
            "count": 2
        },
        "Battle.Losses.ValueLoss.mean": {
            "value": 0.17025921571924607,
            "min": 0.1415176091719938,
            "max": 0.17025921571924607,
            "count": 2
        },
        "Battle.Policy.LearningRate.mean": {
            "value": 0.00029091200302933334,
            "min": 0.00029091200302933334,
            "max": 0.000296832001056,
            "count": 2
        },
        "Battle.Policy.Epsilon.mean": {
            "value": 0.19697066666666668,
            "min": 0.19697066666666668,
            "max": 0.198944,
            "count": 2
        },
        "Battle.Policy.Beta.mean": {
            "value": 0.00048515626666666666,
            "min": 0.00048515626666666666,
            "max": 0.0004948255999999999,
            "count": 2
        },
        "Battle.IsTraining.mean": {
            "value": 1.0,
            "min": 1.0,
            "max": 1.0,
            "count": 2
        }
    },
    "metadata": {
        "timer_format_version": "0.1.0",
        "start_time_seconds": "1612359881",
        "python_version": "3.7.3 (default, Jun 13 2020, 18:11:17) \n[Clang 11.0.3 (clang-1103.0.32.62)]",
        "command_line_arguments": "/Users/keisuke/.pyenv/versions/3.7.3/bin/mlagents-learn config/battle_config.yaml --run-id=Battle2",
        "mlagents_version": "0.23.0",
        "mlagents_envs_version": "0.23.0",
        "communication_protocol_version": "1.3.0",
        "pytorch_version": "1.7.1",
        "numpy_version": "1.18.5",
        "end_time_seconds": "1612359971"
    },
    "total": 89.51715793400001,
    "count": 1,
    "self": 0.005160702000011952,
    "children": {
        "run_training.setup": {
            "total": 0.01779159500000027,
            "count": 1,
            "self": 0.01779159500000027
        },
        "TrainerController.start_learning": {
            "total": 89.494205637,
            "count": 1,
            "self": 0.015576362000004451,
            "children": {
                "TrainerController._reset_env": {
                    "total": 12.261202574999999,
                    "count": 1,
                    "self": 12.261202574999999
                },
                "TrainerController.advance": {
                    "total": 77.10220708899999,
                    "count": 520,
                    "self": 0.007703565000099388,
                    "children": {
                        "env_step": {
                            "total": 77.09450352399989,
                            "count": 520,
                            "self": 75.74215856399985,
                            "children": {
                                "SubprocessEnvManager._take_step": {
                                    "total": 1.345783493999999,
                                    "count": 520,
                                    "self": 0.04616874200001675,
                                    "children": {
                                        "TorchPolicy.evaluate": {
                                            "total": 1.2996147519999823,
                                            "count": 519,
                                            "self": 0.29987920599991114,
                                            "children": {
                                                "TorchPolicy.sample_actions": {
                                                    "total": 0.9997355460000712,
                                                    "count": 519,
                                                    "self": 0.9997355460000712
                                                }
                                            }
                                        }
                                    }
                                },
                                "workers": {
                                    "total": 0.006561466000039928,
                                    "count": 519,
                                    "self": 0.0,
                                    "children": {
                                        "worker_root": {
                                            "total": 62.48976533000011,
                                            "count": 519,
                                            "is_parallel": true,
                                            "self": 35.0405066040001,
                                            "children": {
                                                "run_training.setup": {
                                                    "total": 0.0,
                                                    "count": 0,
                                                    "is_parallel": true,
                                                    "self": 0.0,
                                                    "children": {
                                                        "steps_from_proto": {
                                                            "total": 0.0021694499999966865,
                                                            "count": 1,
                                                            "is_parallel": true,
                                                            "self": 0.0005781299999902956,
                                                            "children": {
                                                                "_process_vector_observation": {
                                                                    "total": 0.001591320000006391,
                                                                    "count": 4,
                                                                    "is_parallel": true,
                                                                    "self": 0.001591320000006391
                                                                }
                                                            }
                                                        },
                                                        "UnityEnvironment.step": {
                                                            "total": 0.06425875300000072,
                                                            "count": 1,
                                                            "is_parallel": true,
                                                            "self": 0.00033536400000500066,
                                                            "children": {
                                                                "UnityEnvironment._generate_step_input": {
                                                                    "total": 0.0006682429999997908,
                                                                    "count": 1,
                                                                    "is_parallel": true,
                                                                    "self": 0.0006682429999997908
                                                                },
                                                                "communicator.exchange": {
                                                                    "total": 0.06226286899999778,
                                                                    "count": 1,
                                                                    "is_parallel": true,