{
    "name": "root",
    "metadata": {
        "timer_format_version": "0.1.0",
        "start_time_seconds": "1612083514",
        "python_version": "3.7.3 (default, Jun 13 2020, 18:11:17) \n[Clang 11.0.3 (clang-1103.0.32.62)]",
        "command_line_arguments": "/Users/keisuke/.pyenv/versions/3.7.3/bin/mlagents-learn config/chase_config.yaml --run-id=Chase13",
        "mlagents_version": "0.23.0",
        "mlagents_envs_version": "0.23.0",
        "communication_protocol_version": "1.3.0",
        "pytorch_version": "1.7.1",
        "numpy_version": "1.18.5",
        "end_time_seconds": "1612083552"
    },
    "total": 37.893260687,
    "count": 1,
    "self": 0.010896610000003193,
    "children": {
        "run_training.setup": {
            "total": 0.0181091440000003,
            "count": 1,
            "self": 0.0181091440000003
        },
        "TrainerController.start_learning": {
            "total": 37.864254933,
            "count": 1,
            "self": 1.0344314049999923,
            "children": {
                "TrainerController._reset_env": {
                    "total": 14.663544692,
                    "count": 1,
                    "self": 14.663544692
                },
                "TrainerController.advance": {
                    "total": 22.048135150000007,
                    "count": 837,
                    "self": 0.012349883000041473,
                    "children": {
                        "env_step": {
                            "total": 22.035785266999966,
                            "count": 837,
                            "self": 19.83317671100002,
                            "children": {
                                "SubprocessEnvManager._take_step": {
                                    "total": 2.1909011379999193,
                                    "count": 837,
                                    "self": 0.06220114899993234,
                                    "children": {
                                        "TorchPolicy.evaluate": {
                                            "total": 2.128699988999987,
                                            "count": 837,
                                            "self": 0.47285857299998213,
                                            "children": {
                                                "TorchPolicy.sample_actions": {
                                                    "total": 1.6558414160000048,
                                                    "count": 837,
                                                    "self": 1.6558414160000048
                                                }
                                            }
                                        }
                                    }
                                },
                                "workers": {
                                    "total": 0.011707418000025172,
                                    "count": 836,
                                    "self": 0.0,
                                    "children": {
                                        "worker_root": {
                                            "total": 36.67325688000006,
                                            "count": 836,
                                            "is_parallel": true,
                                            "self": 21.518895685000068,
                                            "children": {
                                                "run_training.setup": {
                                                    "total": 0.0,
                                                    "count": 0,
                                                    "is_parallel": true,
                                                    "self": 0.0,
                                                    "children": {
                                                        "steps_from_proto": {
                                                            "total": 0.0012427129999998954,
                                                            "count": 1,
                                                            "is_parallel": true,
                                                            "self": 0.0005182730000008462,
                                                            "children": {
                                                                "_process_vector_observation": {
                                                                    "total": 0.0007244399999990492,
                                                                    "count": 2,
                                                                    "is_parallel": true,
                                                                    "self": 0.0007244399999990492
                                                                }
                                                            }
                                                        },
                                                        "UnityEnvironment.step": {
                                                            "total": 0.020023036999997856,
                                                            "count": 1,
                                                            "is_parallel": true,
                                                            "self": 0.0001401469999962046,
                                                            "children": {
                                                                "UnityEnvironment._generate_step_input": {
                                                                    "total": 0.0002655300000000693,
                                                                    "count": 1,
                                                                    "is_parallel": true,
                                                                    "self": 0.0002655300000000693
                                                                },
                                                                "communicator.exchange": {
                                                                    "total": 0.019243840000001455,
                                                                    "count": 1,
                                                                    "is_parallel": true,
                                                                    "self": 0.019243840000001455
                                                                },
                                                                "steps_from_proto": {
                                                                    "total": 0.0003735200000001271,
                                                                    "count": 1,
                                                                    "is_parallel": true,
                                                                    "self": 0.00016277799999997455,
                                                                    "children": {
                                                                        "_process_vector_observation": {
                                                                            "total": 0.00021074200000015253,
                                                                            "count": 2,
                                                                            "is_parallel": true,