{
    "name": "root",
    "metadata": {
        "timer_format_version": "0.1.0",
        "start_time_seconds": "1612076546",
        "python_version": "3.7.3 (default, Jun 13 2020, 18:11:17) \n[Clang 11.0.3 (clang-1103.0.32.62)]",
        "command_line_arguments": "/Users/keisuke/.pyenv/versions/3.7.3/bin/mlagents-learn config/chase_config.yaml --run-id=Chase2",
        "mlagents_version": "0.23.0",
        "mlagents_envs_version": "0.23.0",
        "communication_protocol_version": "1.3.0",
        "pytorch_version": "1.7.1",
        "numpy_version": "1.18.5",
        "end_time_seconds": "1612076571"
    },
    "total": 24.774147152,
    "count": 1,
    "self": 0.005252703000000025,
    "children": {
        "run_training.setup": {
            "total": 0.016713522999999952,
            "count": 1,
            "self": 0.016713522999999952
        },
        "TrainerController.start_learning": {
            "total": 24.752180926,
            "count": 1,
            "self": 0.8822074750000191,
            "children": {
                "TrainerController._reset_env": {
                    "total": 6.496937311999999,
                    "count": 1,
                    "self": 6.496937311999999
                },
                "TrainerController.advance": {
                    "total": 17.27684243799998,
                    "count": 831,
                    "self": 0.012780503999934467,
                    "children": {
                        "env_step": {
                            "total": 17.264061934000047,
                            "count": 831,
                            "self": 16.073833238000063,
                            "children": {
                                "SubprocessEnvManager._take_step": {
                                    "total": 1.1790065890000054,
                                    "count": 831,
                                    "self": 0.06282059100000126,
                                    "children": {
                                        "TorchPolicy.evaluate": {
                                            "total": 1.1161859980000042,
                                            "count": 829,
                                            "self": 0.2732033889999137,
                                            "children": {
                                                "TorchPolicy.sample_actions": {
                                                    "total": 0.8429826090000905,
                                                    "count": 829,
                                                    "self": 0.8429826090000905
                                                }
                                            }
                                        }
                                    }
                                },
                                "workers": {
                                    "total": 0.011222106999976944,
                                    "count": 830,
                                    "self": 0.0,
                                    "children": {
                                        "worker_root": {
                                            "total": 23.758712890000062,
                                            "count": 830,
                                            "is_parallel": true,
                                            "self": 11.223513967000082,
                                            "children": {
                                                "run_training.setup": {
                                                    "total": 0.0,
                                                    "count": 0,
                                                    "is_parallel": true,
                                                    "self": 0.0,
                                                    "children": {
                                                        "steps_from_proto": {
                                                            "total": 0.005807403000000377,
                                                            "count": 1,
                                                            "is_parallel": true,
                                                            "self": 0.00024942300000141415,
                                                            "children": {
                                                                "_process_vector_observation": {
                                                                    "total": 0.005557979999998963,
                                                                    "count": 2,
                                                                    "is_parallel": true,
                                                                    "self": 0.005557979999998963
                                                                }
                                                            }
                                                        },
                                                        "UnityEnvironment.step": {
                                                            "total": 0.020662891000000627,
                                                            "count": 1,
                                                            "is_parallel": true,
                                                            "self": 0.00011592500000112693,
                                                            "children": {
                                                                "UnityEnvironment._generate_step_input": {
                                                                    "total": 0.0002125599999995842,
                                                                    "count": 1,
                                                                    "is_parallel": true,
                                                                    "self": 0.0002125599999995842
                                                                },
                                                                "communicator.exchange": {
                                                                    "total": 0.020068566000000843,
                                                                    "count": 1,
                                                                    "is_parallel": true,
                                                                    "self": 0.020068566000000843
                                                                },
                                                                "steps_from_proto": {
                                                                    "total": 0.0002658399999990735,
                                                                    "count": 1,
                                                                    "is_parallel": true,
                                                                    "self": 9.015000000012208e-05,
                                                                    "children": {
                                                                        "_process_vector_observation": {
                                                                            "total": 0.0001756899999989514,
                                                                            "count": 2,
                                                                            "is_parallel": true,