{
    "name": "root",
    "gauges": {
        "Chase.Policy.Entropy.mean": {
            "value": 1.3043075799942017,
            "min": 1.3019064664840698,
            "max": 2.107034683227539,
            "count": 50
        },
        "Chase.Policy.ExtrinsicValueEstimate.mean": {
            "value": 1.4354747533798218,
            "min": -0.039213765412569046,
            "max": 1.4354747533798218,
            "count": 50
        },
        "Chase.Environment.EpisodeLength.mean": {
            "value": 45.9954128440367,
            "min": 45.05726872246696,
            "max": 414.38709677419354,
            "count": 50
        },
        "Chase.Losses.PolicyLoss.mean": {
            "value": 0.25299683188306427,
            "min": 0.2314085873740128,
            "max": 0.26005933945640114,
            "count": 50
        },
        "Chase.Losses.ValueLoss.mean": {
            "value": 0.11191382682308659,
            "min": 0.05112776231098136,
            "max": 0.18695136331157017,
            "count": 50
        },
        "Chase.Policy.LearningRate.mean": {
            "value": 3.0450989850000003e-06,
            "min": 3.0450989850000003e-06,
            "max": 0.0002969832010056,
            "count": 50
        },
        "Chase.Policy.Epsilon.mean": {
            "value": 0.10101500000000001,
            "min": 0.10101500000000001,
            "max": 0.1989944,
            "count": 50
        },
        "Chase.Policy.Beta.mean": {
            "value": 1.49735e-05,
            "min": 1.49735e-05,
            "max": 0.00049507256,
            "count": 50
        },
        "Chase.Environment.CumulativeReward.mean": {
            "value": 1.909965908678446,
            "min": -0.3788580954555542,
            "max": 1.909965908678446,
            "count": 50
        },
        "Chase.Policy.ExtrinsicReward.mean": {
            "value": 1.909965908678446,
            "min": -0.3788580954555542,
            "max": 1.909965908678446,
            "count": 50
        },
        "Chase.IsTraining.mean": {
            "value": 1.0,
            "min": 1.0,
            "max": 1.0,
            "count": 50
        }
    },
    "metadata": {
        "timer_format_version": "0.1.0",
        "start_time_seconds": "1612190114",
        "python_version": "3.7.3 (default, Jun 13 2020, 18:11:17) \n[Clang 11.0.3 (clang-1103.0.32.62)]",
        "command_line_arguments": "/Users/keisuke/.pyenv/versions/3.7.3/bin/mlagents-learn config/chase_config.yaml --run-id=Chase30",
        "mlagents_version": "0.23.0",
        "mlagents_envs_version": "0.23.0",
        "communication_protocol_version": "1.3.0",
        "pytorch_version": "1.7.1",
        "numpy_version": "1.18.5",
        "end_time_seconds": "1612191098"
    },
    "total": 984.454110687,
    "count": 1,
    "self": 0.007676901000081671,
    "children": {
        "run_training.setup": {
            "total": 0.011466136000000127,
            "count": 1,
            "self": 0.011466136000000127
        },
        "TrainerController.start_learning": {
            "total": 984.43496765,
            "count": 1,
            "self": 0.8095035740011554,
            "children": {
                "TrainerController._reset_env": {
                    "total": 6.7431581430000005,
                    "count": 1,
                    "self": 6.7431581430000005
                },
                "TrainerController.advance": {
                    "total": 976.8235879259988,
                    "count": 25161,
                    "self": 0.38873701900240576,
                    "children": {
                        "env_step": {
                            "total": 976.4348509069964,
                            "count": 25161,
                            "self": 917.8815481689919,
                            "children": {
                                "SubprocessEnvManager._take_step": {
                                    "total": 58.21729087000573,
                                    "count": 25161,
                                    "self": 1.6232028690063274,
                                    "children": {
                                        "TorchPolicy.evaluate": {
                                            "total": 56.594088000999406,
                                            "count": 20048,
                                            "self": 11.304654996992475,
                                            "children": {
                                                "TorchPolicy.sample_actions": {
                                                    "total": 45.28943300400693,
                                                    "count": 20048,
                                                    "self": 45.28943300400693
                                                }
                                            }
                                        }
                                    }
                                },
                                "workers": {
                                    "total": 0.3360118679987334,
                                    "count": 25161,
                                    "self": 0.0,
                                    "children": {
                                        "worker_root": {
                                            "total": 983.4074600789846,
                                            "count": 25161,
                                            "is_parallel": true,
                                            "self": 573.7973614509863,
                                            "children": {
                                                "run_training.setup": {
                                                    "total": 0.0,
                                                    "count": 0,
                                                    "is_parallel": true,
                                                    "self": 0.0,
                                                    "children": {
                                                        "steps_from_proto": {
                                                            "total": 0.0013453810000001454,
                                                            "count": 1,
                                                            "is_parallel": true,
                                                            "self": 0.0004725740000015577,
                                                            "children": {
                                                                "_process_vector_observation": {
                                                                    "total": 0.0008728069999985877,
                                                                    "count": 2,
                                                                    "is_parallel": true,
                                                                    "self": 0.0008728069999985877
                                                                }
                                                            }
                                                        },
                                                        "UnityEnvironment.step": {
                                                            "total": 0.023736697999998668,
                                                            "count": 1,
                                                            "is_parallel": true,
                                                            "self": 0.0001973099999990069,
                                                            "children": {
                                                                "UnityEnvironment._generate_step_input": {
                                                                    "total": 0.0003685559999997423,
                                                                    "count": 1,