{
    "name": "root",
    "gauges": {
        "Chase.Policy.Entropy.mean": {
            "value": 0.9584225416183472,
            "min": 0.9578984975814819,
            "max": 2.101890802383423,
            "count": 50
        },
        "Chase.Policy.ExtrinsicValueEstimate.mean": {
            "value": 0.03390130400657654,
            "min": -0.112605981528759,
            "max": 0.31957992911338806,
            "count": 50
        },
        "Chase.Environment.EpisodeLength.mean": {
            "value": 315.2647058823529,
            "min": 279.09375,
            "max": 436.04545454545456,
            "count": 50
        },
        "Chase.Losses.PolicyLoss.mean": {
            "value": 0.23562707532158703,
            "min": 0.22273856369445094,
            "max": 0.26030840547778133,
            "count": 50
        },
        "Chase.Losses.ValueLoss.mean": {
            "value": 0.028887934241675222,
            "min": 0.010986534258920579,
            "max": 0.12591294248861926,
            "count": 50
        },
        "Chase.Policy.LearningRate.mean": {
            "value": 2.884165705311111e-06,
            "min": 2.884165705311111e-06,
            "max": 0.0002972111342629555,
            "count": 50
        },
        "Chase.Policy.Epsilon.mean": {
            "value": 0.10096135555555556,
            "min": 0.10096135555555556,
            "max": 0.1990703777777778,
            "count": 50
        },
        "Chase.Policy.Beta.mean": {
            "value": 1.4710642222222225e-05,
            "min": 1.4710642222222225e-05,
            "max": 0.0004954448511111111,
            "count": 50
        },
        "Chase.Environment.CumulativeReward.mean": {
            "value": 0.028219981491565703,
            "min": -0.5192154078529432,
            "max": 0.17470587264089024,
            "count": 50
        },
        "Chase.Policy.ExtrinsicReward.mean": {
            "value": 0.028219981491565703,
            "min": -0.5192154078529432,
            "max": 0.17470587264089024,
            "count": 50
        },
        "Chase.IsTraining.mean": {
            "value": 1.0,
            "min": 1.0,
            "max": 1.0,
            "count": 50
        }
    },
    "metadata": {
        "timer_format_version": "0.1.0",
        "start_time_seconds": "1612185629",
        "python_version": "3.7.3 (default, Jun 13 2020, 18:11:17) \n[Clang 11.0.3 (clang-1103.0.32.62)]",
        "command_line_arguments": "/Users/keisuke/.pyenv/versions/3.7.3/bin/mlagents-learn config/chase_config.yaml --run-id=Chase27",
        "mlagents_version": "0.23.0",
        "mlagents_envs_version": "0.23.0",
        "communication_protocol_version": "1.3.0",
        "pytorch_version": "1.7.1",
        "numpy_version": "1.18.5",
        "end_time_seconds": "1612187037"
    },
    "total": 1407.356850421,
    "count": 1,
    "self": 0.0065374310001971025,
    "children": {
        "run_training.setup": {
            "total": 0.02024829300000075,
            "count": 1,
            "self": 0.02024829300000075
        },
        "TrainerController.start_learning": {
            "total": 1407.330064697,
            "count": 1,
            "self": 1.966472938995139,
            "children": {
                "TrainerController._reset_env": {
                    "total": 6.51969359,
                    "count": 1,
                    "self": 6.51969359
                },
                "TrainerController.advance": {
                    "total": 1398.7871854900047,
                    "count": 63985,
                    "self": 0.8790802190110298,
                    "children": {
                        "env_step": {
                            "total": 1397.9081052709937,
                            "count": 63985,
                            "self": 1237.7735439059688,
                            "children": {
                                "SubprocessEnvManager._take_step": {
                                    "total": 159.31295836001354,
                                    "count": 63985,
                                    "self": 4.1295255600016105,
                                    "children": {
                                        "TorchPolicy.evaluate": {
                                            "total": 155.18343280001193,
                                            "count": 62686,
                                            "self": 33.96281903999257,
                                            "children": {
                                                "TorchPolicy.sample_actions": {
                                                    "total": 121.22061376001936,
                                                    "count": 62686,
                                                    "self": 121.22061376001936
                                                }
                                            }
                                        }
                                    }
                                },
                                "workers": {
                                    "total": 0.8216030050112675,
                                    "count": 63985,
                                    "self": 0.0,
                                    "children": {
                                        "worker_root": {
                                            "total": 1404.6537464729809,
                                            "count": 63985,
                                            "is_parallel": true,
                                            "self": 507.29015746598475,
                                            "children": {
                                                "run_training.setup": {
                                                    "total": 0.0,
                                                    "count": 0,
                                                    "is_parallel": true,
                                                    "self": 0.0,
                                                    "children": {
                                                        "steps_from_proto": {
                                                            "total": 0.0013396669999998778,
                                                            "count": 1,
                                                            "is_parallel": true,
                                                            "self": 0.0005381159999995333,
                                                            "children": {
                                                                "_process_vector_observation": {
                                                                    "total": 0.0008015510000003445,
                                                                    "count": 4,
                                                                    "is_parallel": true,
                                                                    "self": 0.0008015510000003445
                                                                }
                                                            }
                                                        },
                                                        "UnityEnvironment.step": {
                                                            "total": 0.04234942500000116,
                                                            "count": 1,
                                                            "is_parallel": true,
                                                            "self": 0.00044949099999946895,
                                                            "children": {
                                                                "UnityEnvironment._generate_step_input": {
                                                                    "total": 0.00022881699999999228,
                                                                    "count": 1,