{
    "name": "root",
    "gauges": {
        "Chase.Policy.Entropy.mean": {
            "value": 1.4239579439163208,
            "min": 1.4239579439163208,
            "max": 1.4239579439163208,
            "count": 1
        },
        "Chase.Environment.EpisodeLength.mean": {
            "value": 24.0625,
            "min": 24.0625,
            "max": 24.0625,
            "count": 1
        },
        "Chase.Policy.ExtrinsicValueEstimate.mean": {
            "value": -58.74176788330078,
            "min": -58.74176788330078,
            "max": -58.74176788330078,
            "count": 1
        },
        "Chase.Environment.CumulativeReward.mean": {
            "value": -92.81317620050339,
            "min": -92.81317620050339,
            "max": -92.81317620050339,
            "count": 1
        },
        "Chase.Policy.ExtrinsicReward.mean": {
            "value": -92.81317620050339,
            "min": -92.81317620050339,
            "max": -92.81317620050339,
            "count": 1
        },
        "Chase.Losses.PolicyLoss.mean": {
            "value": 0.25376106374937923,
            "min": 0.25376106374937923,
            "max": 0.25376106374937923,
            "count": 1
        },
        "Chase.Losses.ValueLoss.mean": {
            "value": 3058.4794380200037,
            "min": 3058.4794380200037,
            "max": 3058.4794380200037,
            "count": 1
        },
        "Chase.Policy.LearningRate.mean": {
            "value": 0.0002969995856155231,
            "min": 0.0002969995856155231,
            "max": 0.0002969995856155231,
            "count": 1
        },
        "Chase.Policy.Epsilon.mean": {
            "value": 0.19899986153846155,
            "min": 0.19899986153846155,
            "max": 0.19899986153846155,
            "count": 1
        },
        "Chase.Policy.Beta.mean": {
            "value": 0.0004950993215384615,
            "min": 0.0004950993215384615,
            "max": 0.0004950993215384615,
            "count": 1
        },
        "Chase.IsTraining.mean": {
            "value": 1.0,
            "min": 1.0,
            "max": 1.0,
            "count": 1
        }
    },
    "metadata": {
        "timer_format_version": "0.1.0",
        "start_time_seconds": "1612079072",
        "python_version": "3.7.3 (default, Jun 13 2020, 18:11:17) \n[Clang 11.0.3 (clang-1103.0.32.62)]",
        "command_line_arguments": "/Users/keisuke/.pyenv/versions/3.7.3/bin/mlagents-learn config/chase_config.yaml --run-id=Chase7",
        "mlagents_version": "0.23.0",
        "mlagents_envs_version": "0.23.0",
        "communication_protocol_version": "1.3.0",
        "pytorch_version": "1.7.1",
        "numpy_version": "1.18.5",
        "end_time_seconds": "1612079212"
    },
    "total": 139.829581978,
    "count": 1,
    "self": 0.0063141040000118664,
    "children": {
        "run_training.setup": {
            "total": 0.02331275399999999,
            "count": 1,
            "self": 0.02331275399999999
        },
        "TrainerController.start_learning": {
            "total": 139.79995512,
            "count": 1,
            "self": 0.040978292000176,
            "children": {
                "TrainerController._reset_env": {
                    "total": 16.830789683,
                    "count": 1,
                    "self": 16.830789683
                },
                "TrainerController.advance": {
                    "total": 122.8331518009998,
                    "count": 1572,
                    "self": 0.02063037899961273,
                    "children": {
                        "env_step": {
                            "total": 122.81252142200019,
                            "count": 1572,
                            "self": 121.08777405400033,
                            "children": {
                                "SubprocessEnvManager._take_step": {
                                    "total": 1.7057788379998975,
                                    "count": 1572,
                                    "self": 0.10566803199965591,
                                    "children": {
                                        "TorchPolicy.evaluate": {
                                            "total": 1.6001108060002416,
                                            "count": 1466,
                                            "self": 0.3844322480000635,
                                            "children": {
                                                "TorchPolicy.sample_actions": {
                                                    "total": 1.215678558000178,
                                                    "count": 1466,
                                                    "self": 1.215678558000178
                                                }
                                            }
                                        }
                                    }
                                },
                                "workers": {
                                    "total": 0.018968529999963124,
                                    "count": 1571,
                                    "self": 0.0,
                                    "children": {
                                        "worker_root": {
                                            "total": 139.66683828099997,
                                            "count": 1571,
                                            "is_parallel": true,
                                            "self": 20.572775075999715,
                                            "children": {
                                                "run_training.setup": {
                                                    "total": 0.0,
                                                    "count": 0,
                                                    "is_parallel": true,
                                                    "self": 0.0,
                                                    "children": {
                                                        "steps_from_proto": {
                                                            "total": 0.001022111999997577,
                                                            "count": 1,
                                                            "is_parallel": true,
                                                            "self": 0.0002109389999951361,
                                                            "children": {
                                                                "_process_vector_observation": {
                                                                    "total": 0.0008111730000024409,
                                                                    "count": 2,
                                                                    "is_parallel": true,
                                                                    "self": 0.0008111730000024409
                                                                }
                                                            }
                                                        },
                                                        "UnityEnvironment.step": {
                                                            "total": 0.05636533099999852,
                                                            "count": 1,
                                                            "is_parallel": true,
                                                            "self": 0.00011455900000001407,
                                                            "children": {
                                                                "UnityEnvironment._generate_step_input": {
                                                                    "total": 0.0003796929999992926,
                                                                    "count": 1,
                                                                    "is_parallel": true,