{"cameraMode":{"drawMode":0,"name":"Shaded","section":"Shading Mode"},"sceneLighting":true,"audioPlay":false,"sceneViewState":{"showFog":true,"showMaterialUpdate":true,"showSkybox":true,"showFlares":true,"showImageEffects":true,"showParticleSystems":true},"in2DMode":false,"pivot":{"x":107.39498138427735,"y":1.89744234085083,"z":16.549999237060548},"rotation":{"x":0.6509715914726257,"y":-0.006831648293882608,"z":0.00585887860506773,"w":0.759048581123352},"size":88.52413940429688,"orthographic":false}