{
    "name": "root",
    "gauges": {
        "Chase.Policy.Entropy.mean": {
            "value": 0.17517206072807312,
            "min": 0.17517206072807312,
            "max": 1.9128063917160034,
            "count": 46
        },
        "Chase.Environment.EpisodeLength.mean": {
            "value": 88.58267716535433,
            "min": 50.93370165745856,
            "max": 418.8421052631579,
            "count": 46
        },
        "Chase.Policy.ExtrinsicValueEstimate.mean": {
            "value": 0.34126460552215576,
            "min": -0.1599447876214981,
            "max": 0.480043888092041,
            "count": 46
        },
        "Chase.Environment.CumulativeReward.mean": {
            "value": 0.7358064522305804,
            "min": -0.6117615610934221,
            "max": 0.8395683642918781,
            "count": 46
        },
        "Chase.Policy.ExtrinsicReward.mean": {
            "value": 0.7358064522305804,
            "min": -0.6117615610934221,
            "max": 0.8395683642918781,
            "count": 46
        },
        "Chase.Losses.PolicyLoss.mean": {
            "value": 0.25180271030576723,
            "min": 0.22988903939155236,
            "max": 0.26534483932008013,
            "count": 46
        },
        "Chase.Losses.ValueLoss.mean": {
            "value": 0.04610882478784184,
            "min": 0.008036887434080405,
            "max": 0.21070638887764542,
            "count": 46
        },
        "Chase.Policy.LearningRate.mean": {
            "value": 2.696261408941539e-05,
            "min": 2.696261408941539e-05,
            "max": 0.00029718936093688,
            "count": 46
        },
        "Chase.Policy.Epsilon.mean": {
            "value": 0.10898750769230771,
            "min": 0.10898750769230771,
            "max": 0.19906312,
            "count": 46
        },
        "Chase.Policy.Beta.mean": {
            "value": 5.40387876923077e-05,
            "min": 5.40387876923077e-05,
            "max": 0.000495409288,
            "count": 46
        },
        "Chase.IsTraining.mean": {
            "value": 1.0,
            "min": 1.0,
            "max": 1.0,
            "count": 46
        }
    },
    "metadata": {
        "timer_format_version": "0.1.0",
        "start_time_seconds": "1612101689",
        "python_version": "3.7.3 (default, Jun 13 2020, 18:11:17) \n[Clang 11.0.3 (clang-1103.0.32.62)]",
        "command_line_arguments": "/Users/keisuke/.pyenv/versions/3.7.3/bin/mlagents-learn config/chase_config.yaml --run-id=Chase23",
        "mlagents_version": "0.23.0",
        "mlagents_envs_version": "0.23.0",
        "communication_protocol_version": "1.3.0",
        "pytorch_version": "1.7.1",
        "numpy_version": "1.18.5",
        "end_time_seconds": "1612103251"
    },
    "total": 1562.35501063,
    "count": 1,
    "self": 0.006311339000149019,
    "children": {
        "run_training.setup": {
            "total": 0.022005033000000118,
            "count": 1,
            "self": 0.022005033000000118
        },
        "TrainerController.start_learning": {
            "total": 1562.3266942579999,
            "count": 1,
            "self": 3.083103006010333,
            "children": {
                "TrainerController._reset_env": {
                    "total": 6.101679463,
                    "count": 1,
                    "self": 6.101679463
                },
                "TrainerController.advance": {
                    "total": 1553.0298210189897,
                    "count": 61197,
                    "self": 1.0260939529864572,
                    "children": {
                        "env_step": {
                            "total": 1552.0037270660032,
                            "count": 61197,
                            "self": 1416.2602994030112,
                            "children": {
                                "SubprocessEnvManager._take_step": {
                                    "total": 134.8438162730016,
                                    "count": 61197,
                                    "self": 4.516224126969178,
                                    "children": {
                                        "TorchPolicy.evaluate": {
                                            "total": 130.32759214603243,
                                            "count": 58504,
                                            "self": 33.61029674602101,
                                            "children": {
                                                "TorchPolicy.sample_actions": {
                                                    "total": 96.71729540001142,
                                                    "count": 58504,
                                                    "self": 96.71729540001142
                                                }
                                            }
                                        }
                                    }
                                },
                                "workers": {
                                    "total": 0.8996113899902998,
                                    "count": 61196,
                                    "self": 0.0,
                                    "children": {
                                        "worker_root": {
                                            "total": 1558.6363553529866,
                                            "count": 61196,
                                            "is_parallel": true,
                                            "self": 444.5393884429611,
                                            "children": {
                                                "run_training.setup": {
                                                    "total": 0.0,
                                                    "count": 0,
                                                    "is_parallel": true,
                                                    "self": 0.0,
                                                    "children": {
                                                        "steps_from_proto": {
                                                            "total": 0.00308544700000013,
                                                            "count": 1,
                                                            "is_parallel": true,
                                                            "self": 0.0012717860000019954,
                                                            "children": {
                                                                "_process_vector_observation": {
                                                                    "total": 0.0018136609999981346,
                                                                    "count": 4,
                                                                    "is_parallel": true,
                                                                    "self": 0.0018136609999981346
                                                                }
                                                            }
                                                        },
                                                        "UnityEnvironment.step": {
                                                            "total": 0.031565129000000525,
                                                            "count": 1,
                                                            "is_parallel": true,
                                                            "self": 0.00014923300000191375,
                                                            "children": {
                                                                "UnityEnvironment._generate_step_input": {
                                                                    "total": 0.00021604599999847096,
                                                                    "count": 1,