{
    "name": "root",
    "metadata": {
        "timer_format_version": "0.1.0",
        "start_time_seconds": "1612502069",
        "python_version": "3.7.3 (default, Jun 13 2020, 18:11:17) \n[Clang 11.0.3 (clang-1103.0.32.62)]",
        "command_line_arguments": "/Users/keisuke/.pyenv/versions/3.7.3/bin/mlagents-learn config/battle_config.yaml --run-id=TeamBattle1",
        "mlagents_version": "0.23.0",
        "mlagents_envs_version": "0.23.0",
        "communication_protocol_version": "1.3.0",
        "pytorch_version": "1.7.1",
        "numpy_version": "1.18.5",
        "end_time_seconds": "1612502090"
    },
    "total": 21.128145777,
    "count": 1,
    "self": 0.005857625000004418,
    "children": {
        "run_training.setup": {
            "total": 0.02313574699999954,
            "count": 1,
            "self": 0.02313574699999954
        },
        "TrainerController.start_learning": {
            "total": 21.099152404999998,
            "count": 1,
            "self": 1.012353051000023,
            "children": {
                "TrainerController._reset_env": {
                    "total": 15.98483977,
                    "count": 1,
                    "self": 15.98483977
                },
                "TrainerController.advance": {
                    "total": 3.9359569779999752,
                    "count": 235,
                    "self": 0.0037222209999967504,
                    "children": {
                        "env_step": {
                            "total": 3.9322347569999785,
                            "count": 235,
                            "self": 3.3170700080000124,
                            "children": {
                                "SubprocessEnvManager._take_step": {
                                    "total": 0.6121858069999746,
                                    "count": 235,
                                    "self": 0.015552782999932901,
                                    "children": {
                                        "TorchPolicy.evaluate": {
                                            "total": 0.5966330240000417,
                                            "count": 231,
                                            "self": 0.1186620339999962,
                                            "children": {
                                                "TorchPolicy.sample_actions": {
                                                    "total": 0.4779709900000455,
                                                    "count": 231,
                                                    "self": 0.4779709900000455
                                                }
                                            }
                                        }
                                    }
                                },
                                "workers": {
                                    "total": 0.0029789419999914912,
                                    "count": 234,
                                    "self": 0.0,
                                    "children": {
                                        "worker_root": {
                                            "total": 19.914049987000013,
                                            "count": 234,
                                            "is_parallel": true,
                                            "self": 16.970825598,
                                            "children": {
                                                "run_training.setup": {
                                                    "total": 0.0,
                                                    "count": 0,
                                                    "is_parallel": true,
                                                    "self": 0.0,
                                                    "children": {
                                                        "steps_from_proto": {
                                                            "total": 0.0012742239999994354,
                                                            "count": 1,
                                                            "is_parallel": true,
                                                            "self": 0.00048809899999824324,
                                                            "children": {
                                                                "_process_vector_observation": {
                                                                    "total": 0.0007861250000011921,
                                                                    "count": 4,
                                                                    "is_parallel": true,
                                                                    "self": 0.0007861250000011921
                                                                }
                                                            }
                                                        },
                                                        "UnityEnvironment.step": {
                                                            "total": 0.03904975400000055,
                                                            "count": 1,
                                                            "is_parallel": true,
                                                            "self": 0.00021334600000244563,
                                                            "children": {
                                                                "UnityEnvironment._generate_step_input": {
                                                                    "total": 0.00023134799999979805,
                                                                    "count": 1,
                                                                    "is_parallel": true,
                                                                    "self": 0.00023134799999979805
                                                                },
                                                                "communicator.exchange": {
                                                                    "total": 0.03811991599999942,
                                                                    "count": 1,
                                                                    "is_parallel": true,
                                                                    "self": 0.03811991599999942
                                                                },
                                                                "steps_from_proto": {
                                                                    "total": 0.0004851439999988827,
                                                                    "count": 1,
                                                                    "is_parallel": true,
                                                                    "self": 0.00016330000000053246,
                                                                    "children": {
                                                                        "_process_vector_observation": {
                                                                            "total": 0.00032184399999835023,
                                                                            "count": 4,
                                                                            "is_parallel": true,