{
    "name": "root",
    "gauges": {
        "Chase.Policy.Entropy.mean": {
            "value": 1.41068434715271,
            "min": 1.41068434715271,
            "max": 1.4263719320297241,
            "count": 3
        },
        "Chase.Environment.EpisodeLength.mean": {
            "value": 24.1,
            "min": 24.1,
            "max": 24.125,
            "count": 3
        },
        "Chase.Policy.ExtrinsicValueEstimate.mean": {
            "value": -35.67757797241211,
            "min": -35.67757797241211,
            "max": -32.791664123535156,
            "count": 3
        },
        "Chase.Environment.CumulativeReward.mean": {
            "value": -39.96422814604026,
            "min": -41.52071380016193,
            "max": -38.64870234709888,
            "count": 3
        },
        "Chase.Policy.ExtrinsicReward.mean": {
            "value": -39.96422814604026,
            "min": -41.52071380016193,
            "max": -38.64870234709888,
            "count": 3
        },
        "Chase.Losses.PolicyLoss.mean": {
            "value": 0.24941635935788992,
            "min": 0.24351305627424563,
            "max": 0.25316682991646144,
            "count": 3
        },
        "Chase.Losses.ValueLoss.mean": {
            "value": 8.66221542390544,
            "min": 8.35860262309588,
            "max": 95.64654545688066,
            "count": 3
        },
        "Chase.Policy.LearningRate.mean": {
            "value": 0.00028501275499574996,
            "min": 0.00028501275499574996,
            "max": 0.0002969847702358461,
            "count": 3
        },
        "Chase.Policy.Epsilon.mean": {
            "value": 0.19500425000000002,
            "min": 0.19500425000000002,
            "max": 0.19899492307692312,
            "count": 3
        },
        "Chase.Policy.Beta.mean": {
            "value": 0.000475520825,
            "min": 0.000475520825,
            "max": 0.0004950751230769231,
            "count": 3
        },
        "Chase.IsTraining.mean": {
            "value": 1.0,
            "min": 1.0,
            "max": 1.0,
            "count": 3
        }
    },
    "metadata": {
        "timer_format_version": "0.1.0",
        "start_time_seconds": "1612078546",
        "python_version": "3.7.3 (default, Jun 13 2020, 18:11:17) \n[Clang 11.0.3 (clang-1103.0.32.62)]",
        "command_line_arguments": "/Users/keisuke/.pyenv/versions/3.7.3/bin/mlagents-learn config/chase_config.yaml --run-id=Chase5",
        "mlagents_version": "0.23.0",
        "mlagents_envs_version": "0.23.0",
        "communication_protocol_version": "1.3.0",
        "pytorch_version": "1.7.1",
        "numpy_version": "1.18.5",
        "end_time_seconds": "1612078729"
    },
    "total": 182.823303838,
    "count": 1,
    "self": 0.005454674000020532,
    "children": {
        "run_training.setup": {
            "total": 0.017789449000000346,
            "count": 1,
            "self": 0.017789449000000346
        },
        "TrainerController.start_learning": {
            "total": 182.80005971499997,
            "count": 1,
            "self": 0.3443455259998416,
            "children": {
                "TrainerController._reset_env": {
                    "total": 11.408109373,
                    "count": 1,
                    "self": 11.408109373
                },
                "TrainerController.advance": {
                    "total": 170.87013324600017,
                    "count": 3723,
                    "self": 0.04714361700044378,
                    "children": {
                        "env_step": {
                            "total": 170.82298962899972,
                            "count": 3723,
                            "self": 166.30494756799916,
                            "children": {
                                "SubprocessEnvManager._take_step": {
                                    "total": 4.472806374999596,
                                    "count": 3723,
                                    "self": 0.2516850660001957,
                                    "children": {
                                        "TorchPolicy.evaluate": {
                                            "total": 4.2211213089994,
                                            "count": 3594,
                                            "self": 0.9774824599989351,
                                            "children": {
                                                "TorchPolicy.sample_actions": {
                                                    "total": 3.2436388490004653,
                                                    "count": 3594,
                                                    "self": 3.2436388490004653
                                                }
                                            }
                                        }
                                    }
                                },
                                "workers": {
                                    "total": 0.045235686000953734,
                                    "count": 3722,
                                    "self": 0.0,
                                    "children": {
                                        "worker_root": {
                                            "total": 182.22583851399997,
                                            "count": 3722,
                                            "is_parallel": true,
                                            "self": 20.536871380000264,
                                            "children": {
                                                "run_training.setup": {
                                                    "total": 0.0,
                                                    "count": 0,
                                                    "is_parallel": true,
                                                    "self": 0.0,
                                                    "children": {
                                                        "steps_from_proto": {
                                                            "total": 0.0010858820000017033,
                                                            "count": 1,
                                                            "is_parallel": true,
                                                            "self": 0.0003203830000018115,
                                                            "children": {
                                                                "_process_vector_observation": {
                                                                    "total": 0.0007654989999998918,
                                                                    "count": 2,
                                                                    "is_parallel": true,
                                                                    "self": 0.0007654989999998918
                                                                }
                                                            }
                                                        },
                                                        "UnityEnvironment.step": {
                                                            "total": 0.06087257700000137,
                                                            "count": 1,
                                                            "is_parallel": true,
                                                            "self": 0.00013729599999479092,
                                                            "children": {
                                                                "UnityEnvironment._generate_step_input": {
                                                                    "total": 0.0002586130000032938,
                                                                    "count": 1,
                                                                    "is_parallel": true,